product_sku,product_name,brand,connected,installed_base_units_eu,msrp_eur,oem_filter_price_eur,third_party_filter_price_eur,filters_per_year,oem_filter_repurchase_rate,third_party_filter_attach_rate,filter_subscription_attach_rate,observation_window,source,confidence
VS-AP-8000i,Air Performer 8000i Series,Philips,true,118000,599.0,126.48,48.6,1.62,0.71,0.19,0.21,2025-09-01/2026-08-20,SYNTHETIC - stands in for OEM consumable sell-through + panel data,low
VS-AP-4000i,Air Purifier 4000i Series,Philips,true,264000,349.0,62.07,31.36,1.94,0.64,0.26,0.14,2025-09-01/2026-08-20,SYNTHETIC - stands in for OEM consumable sell-through + panel data,low
VS-AP-3000i,Air Purifier 3000i Series,Philips,true,391000,249.0,57.61,22.74,1.74,0.58,0.33,0.11,2025-09-01/2026-08-20,SYNTHETIC - stands in for OEM consumable sell-through + panel data,low
VS-AP-2000,Air Purifier 2000 Series,Philips,false,302000,179.0,29.07,12.13,1.8,0.49,0.42,0.03,2025-09-01/2026-08-20,SYNTHETIC - stands in for OEM consumable sell-through + panel data,low
VS-AC-1000i,Air Cleaner Compact 1000i,Philips,true,173000,129.0,20.91,8.65,1.92,0.44,0.48,0.06,2025-09-01/2026-08-20,SYNTHETIC - stands in for OEM consumable sell-through + panel data,low
CP-DY-TP09,Purifier Cool Formaldehyde TP09,Dyson,true,96000,649.0,132.13,55.16,1.87,0.76,0.15,0.24,2025-09-01/2026-08-20,SYNTHETIC - stands in for OEM consumable sell-through + panel data,low
CP-LV-C400S,Core 400S Smart,Levoit,true,214000,219.0,49.22,18.76,2.04,0.41,0.53,0.09,2025-09-01/2026-08-20,SYNTHETIC - stands in for OEM consumable sell-through + panel data,low
CP-XM-4PRO,Smart Air Purifier 4 Pro,Xiaomi,true,287000,189.0,40.8,17.86,1.52,0.37,0.58,0.05,2025-09-01/2026-08-20,SYNTHETIC - stands in for OEM consumable sell-through + panel data,low
CP-BB-DM5440,DustMagnet 5440i,Blueair,true,131000,299.0,70.74,30.93,1.47,0.62,0.29,0.13,2025-09-01/2026-08-20,SYNTHETIC - stands in for OEM consumable sell-through + panel data,low
