review_id,product_sku,product_name,rating,review_title,review_text,hand_label,labeller_note
CR-000121,B07R81N4X9,"RabbitAir MinusA2 Ultra Quiet HEPA Air Purifier - Stylish, Efficient and Energy Star (SPA-780A, Black, Germ Defense)",3.0,Upgrade if $ is no object,"I originally purchased the BigoGS 580 and found the sensors not reliable in my unit. The sensors went from green to red for no apparent reason if I moved it a foot.  Instead of getting a replacement I switched to the MinusA2 Spa 700A (toxin remover) due to the 6 stage filtration. I live below two chain smokers and I want to ensure that I have the extra protection. I had the two units for about 2 days to 3 weeks so I can't comment on longevity.<br /><br />It does a great job removing pollen and odor like the BioGS. It is pretty quiet.  I don't even notice it on unless the room is completely silent.  I noticed that the silent & quiet modes are more noticeable than the BioGS.  I can hear the motor on the MinusA2 whereas on the BioGS I could not unless I was right next to it.<br /><br />The only drawback that this unit has is if the room is dark, it automatically switches to sleep mode and turn off the sensor light.  If you are living near smokers this does not work! Smoke could be drifting across my face and this unit does not adjust according to room condition. In order for it to do a thorough I have to leave it on low, med, high or turbo at night and this is not efficient use of energy.<br /><br />Pros: Sleek, quiet, 6 stage filtration, option to turn off mood light, particle sensor, great customer service<br /><br />Cons: lack of an odor sensor, black background make it tough to read the settings, auto mode not really 'auto' in the dark, cost of filters, bulky remote control<br /><br />The only feature that this unit has that the BioGS doesn't is 2 extra stages of filtration.  Is it worth the extra $60 to $140?  The MinusA2 filters also cost more and need to be replaced more often.  In my opinion, the BioGS is adequate if you are looking for a good air purifier.",,
CR-007930,B0776XKZ1Y,"KANBERRA GEL 524003 Natural Air Purifier Gel, 8-Ounce",2.0,Disappointed,It didn't really work for me.,,
CR-001880,B0BBV2Z7VG,"Alen BreatheSmart Classic H13 HEPA Air Purifier, Air Purifiers For Home Large Room w/ 1100 SqFt Coverage, Medical-Grade Air Cleaner for Pet Dander & Odor, up to 12 Mos. Filter Life, Oak",1.0,"INSANELY OVERPRICED, THIS FILTER IS NOT TRUE HEPA","This filter is not true HEPA, and it is totally NOT worth the price. For $600, you literally get a big fan wrapped in plastic. Nothing more. The sensor barely works and is pretty useless. The filter is awful, it is HEPA-type (not true HEPA) and it does not adhere to standards. The overwhelmingly positive reviews here were probably written by folks who have not tried those cheap filters on Amazon. Seriously, this filter performs the same way a $100 GermGuardian would, except the Germ Guardian one is TRUE HEPA which means it filters stuff out much more effectively.<br /><br />It looks pretty, but that's really just about it. I am disappointed in the fact that I spent $600 for something as useless as this. Alen must be making a huge profit margin. My GermGuardian filter works better than this, and it's six times cheaper.<br /><br />Also, upon turning on the unit, a very distinct toxic odor began coming from the unit. I thought this was supposed to be an air PURIFIER, not an air pollutant?",,
CR-010318,B08FD4MR1Z,"Elechomes Air Purifier for Home Large Room with Air Quality Monitoring: H13 True HEPA Air Filter Cleaner Covers 400ft² & CADR 300+, Ideal for Allergens Smoke Smokers Dust Odors Pollen Pet Dander",1.0,Filters are not available,"I liked this air purifier fine.  But since they are no longer making filters for it, it us absolutely useless.  It is a lot of money to spend for 3 months of clean air.",,
CR-006882,B07C1HTHY6,"Vivitar PA-705 Air Purifier and Ionizer, Black",2.0,"Smells like it produces ozone, perhaps quite a lot. That would be unhealthy, long term.","I bought this to experiment with, because I thought it said it had UV (if it were UVC, contained inside, it would kill viruses passing through, without endangering the health of the user too much, unless the ozone production from the UVC were high). My plan was to put it before a HEPA and activated carbon filter, and hopefully wind up with cleaner, safer, air on the other side of that. But I don't see UVC in there, although there could be an LED inside which is well hidden (I haven't taken it apart). This looks like an electrostatic precipitator, of a type which was common years ago, before ozone production (a common side effect, if they are not carefully designed) concerned people.  I will try it anyway, and, it might be useful in unoccupied places where odor, and perhaps virus, reduction may be the effect, and useful. Basically, it might be an inexpensive ozonator (the kind of device you run overnight to remove smoke odors and such).",,
CR-009907,B07VXKR2L4,EdenPURE OxiLeaf II Thunderstorm Air Purifier Odor Remover with Portable USB travel plug,3.0,Worst Customer support ever,"I've purchased several of these and they seem to work as advertised. However, one of my units is not working and when I tried to exercise my warranty, I was completely taken back by the phone rep.<br />To start with, she seemed to have no knowledge of the existence of the Eden Pure Oxleaf II Thunderstorm. She'd never heard of it. I spent so much time waiting for her computer to supposedly restart that I finally had to hang up.<br />I probably should have done some research to see who else makes a similar product but my Edenpure heaters have served me so well I just assumed this was the best bang for the buck...maybe not.",,
CR-000302,B000I0WQWC,"Holmes Arm and Hammer Air Purifier Booster Filter, 4 Pack",1.0,Doesn't fit tabletop HAP412,"I don't know why HAP412 is listed for this filter!  It is too short and too skinny.  And Holmes does NOT list this as OK for HAP412.  And they don't list a replacement.  I have another Holmes that uses bigger filters that I can cut down, but what a pain.",,
CR-002471,B01MF8W1D1,WSTA Portable Plug In Air Purifier,1.0,Not for stinky cat odor,This did not help with our cat litter odor,,
CR-002621,B0BBV2Z7VG,"Alen BreatheSmart Classic H13 HEPA Air Purifier, Air Purifiers For Home Large Room w/ 1100 SqFt Coverage, Medical-Grade Air Cleaner for Pet Dander & Odor, up to 12 Mos. Filter Life, Oak",2.0,Poor customer service,"Had a technical question, contacted company, got a very unfriendly and curt woman with a heavy accent that I could<br />hardly understand. Will see if what she said works and will review again when I am sure the unit is working correctly. So far two stars for customer service and are they based in the US?",,
CR-005480,B082Y2PK2G,"Aneys Air Purifier, Cigarette and Odor Eliminator, Smoke Purifier Perfect for Home and Office",1.0,Never buying again.,I can tell you this was the size I ordered. But it doesn’t change anything in the room if you have to say by smell.,,
CR-007924,B07KXBX32V,"Dyson Pure Hot+Cool™ HP01 Air Purifier, Heater & Fan - White/Silver",3.0,"Crazy Marketing; Why Is ""Cool"" In the Name?","Pros:<br />* WALL-E styling<br />* Fan reasonably quiet (though not silent)<br />* Remote cleverly magnetized to top<br /><br />Cons:<br />* Doesn't actually cool.<br />* Has ""Cool"" in the name.<br />* What the af?<br />* Maybe they mean the styling is ""cool.""<br />* Despite Sir James' enthusiasm for the air movement (which all his products do, one way or another), my art deco replica blade fan feels like it moves more air.<br />* No wireless of any kind (WiFi or Bluetooth), so not compatible with Dyson's own Android/iOS app.<br /><br />It does look gorgeous. It does move air. Does it purify? No way to know because I returned it very quickly over the ""cool"" issue (and I don't think I have any way to test). That word borders on the deceptive. It *does* seem to heat.<br /><br />$500 to buy, then $70/yr in filters. Is that worth it? Welllllllll... Maybe if it did what its listing said. As it is: Returned.",,
CR-008116,B082Y2PK2G,"Aneys Air Purifier, Cigarette and Odor Eliminator, Smoke Purifier Perfect for Home and Office",1.0,No Bueno,Had no effect in the house,,
CR-006238,B09F3Z9BH6,Air Purifier Plug in for Home,4.0,Fresh Clean Air,They seem to be an effective little gadget for the price. I got them to help reduce odors in the small places of my apartment. One for the kitchen and one for the closet.  Cooking smells don't seem to linger as long as they used to.,,
CR-008599,B0915LHCS2,"AZEUS True HEPA Air Purifier | for HOME, for Large Room, Office or Commercial Space | Filter Pollen, Smoke, Dust, Pet Dander | Auto Mode | Air Quality Sensor | Night Light",2.0,"A mediocre product, at best.","DISCLOSURE: This product was bought under another account, of which I live with that account holder. This review beholds my opinion, and none of which should be taken as scientific evidence (from a research firm).<br /><br />Abstract: We bought this in the beginning of 2021, in hopes that it would greatly reduce the following in the living/dining room:<br /><br />- The chances of transmitting the SARS-CoV-2 virus, known to cause COVID-19<br />- To reduce the prevalence of pet dander, dead skin cells and other dust particulates, therefore reducing the need to vacuum a fully carpeted area<br />- To control other VOCs (Volatile Organic Compounds) and odours<br />- Explore different brand names that are not native to our country (United States)<br />- Overall satisfaction and durability of the product<br /><br />The price as of the time was roughly $130 - $160, with included discounts on Amazon.<br /><br />Results: While we haven’t been able to verify *if* this was able to slow or stop the transmission of any viruses in particular, we also aren’t confidently certain *if* it made any significant improvement over the following *several months* since we bought this product. However, observing the filter appears that it has been doing its job, but we haven’t noticed any observable difference in controlling odours—if there were any, at all. However, this product shows quite a plethora of issues that were not only mere oversights, but they were also egregiously condoned to be the norm as per the company’s (azeus’ or Azeus’) standards.<br /><br />Details: First and foremost, we contacted their customer support after attempting to establish a warranty with them, which the product came with a pamphlet that claimed you can either get a free replacement filter (valued at $30 at least), or get a meagre $10 Amazon gift card. After uploading the screenshots as per their request, we opted for the free replacement filter. They, much to *our* surprise, *did not have any available on their end*. After some back-and-forth, we were left with no other option other than to allow them to give us a tiny return investment of $10 towards our Amazon gift card balance. We gave them the benefit of the doubt, since the supply chain during that time was severely affected, making availability on a *number* of products very scarce. How *that* came to pass was *also* just as peculiar: while I don’t know any intricacies involved, they ended up generating a gift card key/code at first, but the first one they gave turned out to be invalid or had already been used. So then they gave us another moments later, which that seemed to work. I don’t know if it took two or three attempts total to give us a working Amazon gift card code, but the way they went about it raised red flags to be quite honest: I thought all of this was purely shady business practises going on here. (I also want to note that I think they had an issue with us purchasing from an “unauthorised reseller” on Amazon, even though they were the *only choice on Amazon when we bought this air purifier*, which I think they used that as a reason to not honour either the warranty itself, or apply the warranty. Do not quote me on this one.)<br /><br />Taking a look at their main website, it is an exceptionally sterile, web-only business website with no known physical location able to be found from the naked eye. Not a whole lot is given in the way of showing any modicum of legitimacy towards the average consumer. Perhaps it is a *new* way of starting up a business? But to not give *any* address besides an e-mail address, whatsoever, makes things feels either completely unfamiliar, or utterly suspicious. Every business we’ve dealt with so far already *has* an established address available for the public. And given the way the customer support speaks, they appear to be somewhere overseas. Not only that, but these icons they use to represent themselves appear more or less as if they used a stock photo that you could normally find on Google Images. That, or it coincidentally is also a professional shot for a business. It’s honestly unnerving, considering almost every business I came in contact with for a web chat practically had *nothing* like that.<br /><br />Now back to the product, itself.<br /><br />When we bought this, it was (at the time of purchase) rated to purify up to 560 sq. ft. to my recollection; we have a 500 sq. ft. combined living and dining room. But about 2 – 5 months later, the manufacturer seemingly updated their product page, *now claiming* to purify up to 1,080 sq. ft. rooms. This is seemingly more than *double* in comparison to the initial rating. Yet, we have no idea *how* they managed to make a relatively tiny device pull off that much. I think that’s *really suspicious*, to be frank. Also, it's worth mentioning that the original product page that we bought this air purifier from is no longer available, which is why I am reviewing it on this product's page.<br /><br />When I examine the instruction manual, the fluency of English is at an acceptable state, noting some minor misspellings that most English-speakers would easily pick up, while there are some other unfamiliar phrasings used that is not widely accepted in the English language; again, this denotes that Azeus is *clearly* an overseas company that many can assume they are either from China, or somewhere within the “Middle East” (e.g. India). However, not *all* companies that use semi-fluent English originate *just* from these countries, either; other central European companies, such as “be quiet!” tends to not have the correct translation or phrasing of words translated from German to English at a similar rate. Though, the main issue tends to rear its ugly face, such as the feature of using the “ioniser”, which there is no real indication whether it is actually being used, and the UV bulb included in the product, which there is no indicator that it is—in fact—on, when you press the “UV” button. Interestingly enough, there is *no* button on the device for the UV bulb, either; it’s only unique to the remote. This is quite the massive oversight, indeed.<br /><br />However, every time we turn it on without changing the fan speed, it operated in a rather foreign fashion where I had not expected an air purifier of *any* calibre to do what was known later a preset cycle that *always* occurs every time it is turned on. I’m not particularly impressed with the inanely loud noise the turbine fan produces when it is at its highest; I find this embarrassingly unbearable and it makes conversations more likely to be hard to follow, and it can be difficult for people to focus in mere silence. Therefore, as time went on, the fan speed is *always* set to medium. The featured, yet overly simplified air quality indicator is semi-consistent, where you may not always be certain if it is truly accurate. We have no idea how they managed to make it “sometimes” detect bacteria and viruses, yet consistently detect odours and fine particulates/dust, and frankly it would be very resourceful if consumers had access to that level of information.<br /><br />When we used it for several months in total, we had not seen based on the instruction manual a “replace filter indicator” go off. In fact, the only thing that started to literally go off is the ioniser light, followed by the light for the selected fan speed on the device. This gives me even *far less confidence in this product* than they tried to let on, making me feel that, as my hunch dictated earlier, this was made to only be tossed out in the landfill after it met its very short-term use.<br /><br />I also want to make one thing very clear: having a convectional air purifier, on paper, is a great concept. However, the intake on both sides of the product (on the smaller edges of this oval-shaped air purifier) *clearly* shows just how restrictive the overall air flow is. It is a neat concept that allows it to stay comfortably snug in very compact environments; it does *not*, however, make a very effective air purifier by not fully utilising the full surface area of the composite filter when it comes to pulling the “dirty air” in thru its intake vents. Ideally, it’s a great idea to have air go thru as little resistance as possible in order to make *any* fan-driven device extremely effective at its intended purpose. The fact that this is making air go through the equivalent to two 90° angles, followed by a multi-layered (yet also very expensive: at least or more than $30 per piece as of this writing) filter makes people like me syncope from such a ridiculous design.<br /><br />Another note: I do think that the sleep mode functions as designed, noting that all lights go off after a brief period of time and reduces the fan speed at the lowest possible, making it virtually imperceptible while in operation. That’s a good plus. But! I don’t like how the lights, themselves, are unbearably bright: a light dimmer function would have been nice to have.<br /><br />Overall impressions: They are generally **low**. I’m very uncertain on purchasing a new filter for this product, and I’m concerned that they are intentionally ripping their customers a new one. I have a higher probability of trying to find options provided by manufacturers such as Honeywell (brand owned by Kaz USA, Inc.) and GermGuardian (their entity, Guardian Technologies, is now acquired by Lasko, LLC as of January 2021: *also* an American manufacturer long known for their budget-oriented fans with high marks), which are well-known, well-established brands in the United States.<br /><br />– End of review. Written on 30 November 2021, 1732 local time. –",,
CR-006294,B0C2JF5179,"HARMONY 1500 Air Purifier for Home Large Room with H13 True HEPA Air Filter, Quiet Air Cleaner for Allergens, Pets, Smoke, Removes 99.9% of Dust, Mold, Pet Dander, Odors, Pollen – HSE1500-1500 Sq Ft",2.0,Disappointed,"I couldn’t tell a difference when bringing this in my home , very disappointed that it didn’t do as promised",,
CR-000628,B07R81N4X9,"RabbitAir MinusA2 Ultra Quiet HEPA Air Purifier - Stylish, Efficient and Energy Star (SPA-780A, Black, Germ Defense)",5.0,the best filter we have purchased,"much better than the Sharper Image devices, super quiet and much more efficient, I would highly recommend it to anyone",,
CR-009841,B09K7CD8XS,"Mila Air Purifier with Home Wrecker Filter (H12 HEPA + 1.96 lb Carbon), Filters VOCs, Formaldehyde, Odors, Dust, Pollution & Pet Dander, 300 CADR,  665 ft2 Coverage, 12”x12”x15”, White",5.0,Cutest air purifier ever!,White glove packaging was very impressed before taking It out of the box.  Easy to setup and pair the purifier with the Apple app. It’s been fun receiving the personalized daily notes and being able to monitor all the changes in my home. I plan to get more and I am glad I chose this over other brands … I did a lot of research!,,
CR-007280,B09F3Z9BH6,Air Purifier Plug in for Home,2.0,I need answers.  Maybe it's just day 2.5.,Black soot around plug on Day 2.5 in bathroom.  Definitely does ot remove bad smells immediately.<br /> Not sure if ot is helping yet. Package does not give you any info on how to maintain... how to know of ot is working unless they assume as long as the light is on it is helping the air.  I placed one in my kids room and I think it is less stuffy.  Is it okay to burn a candle in the same room?  Why is the soot around the plug?  None around the oe in kids room.  Answers please...,,
CR-003272,B07R81N4X9,"RabbitAir MinusA2 Ultra Quiet HEPA Air Purifier - Stylish, Efficient and Energy Star (SPA-780A, Black, Germ Defense)",5.0,Great Air Purifier,"We Have 3 smokers in the house one is upstairs and the smoke odder comes down the steps. the machine get 90 % of it. the other two smokers, smoke out side so you get third hand smoke when they come in the house, the purifier get most of all of that. Worth the money",,
CR-001320,B00L5KSV8M,Balight Hepa Air Purifier for Home Travel,4.0,clean air,Makes air smell clean,,
CR-008793,B07KXBX32V,"Dyson Pure Hot+Cool™ HP01 Air Purifier, Heater & Fan - White/Silver",5.0,Pricey but very functional!,I have been using this item for over a year. It’s on its 2nd winter being the main source of heat for our living room. Puts out enough warmth to keep it comfortable and is fairly quiet in comparison to other heaters. Fan works great for summer but is not an actual a/c. Just replacing the filter for the first time. Love this thing!,,
CR-002032,B07R81N4X9,"RabbitAir MinusA2 Ultra Quiet HEPA Air Purifier - Stylish, Efficient and Energy Star (SPA-780A, Black, Germ Defense)",3.0,Helps in reducing allergies but less than optimal for removing second-hand smoke!,"3-18-19 UPDATE COMMENT: I purchased the Rabbit Air Purifier directly from Rabbit Air two years ago and I attest it is a quality purifier compared to less expensive brands.  The problem lies with replacement filters -- thus, if you reside around smokers, vapers, yearly wildfires, heavy street traffic you will need to replace the filters more often than the yearly recommendation.  Several recent replacement filters I received have been inconsistent in their quality.  My most recent order arrived with a leaky activated carbon filter (black dust in packaging and residue on my hands when touching the filter) and foul chemical odor in the HEPA and Odor filter that their customer service attributes to ""off gassing"".  They sent me replacement filters but wanted photos of the filters I was returning.  And to think, I was going to purchase a second air purifier from them.  See the email from their customer service rep.  Stay away from Rabbit Air and read the three star reviews as those reviews are right on!<br /><br />Hi Christine,<br /><br />Thank you for your email and I apologize that the exchange process became a hassle.<br /><br />In trying to be thorough, it looks like it became more inconvenience than necessary. Per your request. we will cancel the shipment of the odor filter, but in the future, if it's ever needed, you are welcome to contact us again.<br /><br />For the charcoal dust that you were concerned about, according to our researchers, we assume that there will be no health risks from the carbon dust. Due to the particle size, carbon dust is heavy, therefore, it would not become airborne easily. In addition, carbon dust could be very difficult to get into the body through the respiratory system even if it were to become airborne.<br /><br />If you have any questions or if there is anything else that we can assist you with, please let us know.<br /><br />Regards,<br /><br />Tamina Park<br />Rabbit Air<br /><br />Christine Carlino<br /><br />7-19-2017 UPDATE COMMENT:  After four months using the Rabbit Air Purifier in my 560 sq ft condo, I notice dust and small particle accumulation around the sides and bottom of the interior frame that holds the filters.  For reference, I remove and clean the first filter that is washable and vacuum the four filters every other week.  Unfortunately, this air purifier is no match for second hand cigarette smoke and marijuana odor from neighboring apartments.  I purchased this filter because it does not off gas as many air filters do.  I would not repurchase because of price. I'd recommend it for single family homes in controlling dust and light household odors, and those who are diligent in vacuuming and cleaning in general.  Not optimal for attached condos or apartments in harsh environments.<br /><br />ORIGINAL COMMENT: My allergist recommended this purifier to reduce allergens and help with second-hand smoke odors.  I consider this to be a quality 5-filter purification system.  For optimal results when I first received it, I ran the unit on Turbo or High for 72 hours in the bedroom and small living space to clear the air.  I did not wake up with a stuffy noise and the air was fresher.  Here is my analysis after a month:<br /><br />Pros:<br />• Quality, solid craftsmanship.  Stylish.<br />• Easy to read instructions and assemble right out of box.<br />• Air quality sensor light.  Manually adjustable speed selection and auto mode.<br />• Removes airborne dust and particles in room size around 300 sq. ft or less.<br />• Good return policy and excellent customer service.<br />• Negligible ozone production.<br />• Manually adjustable speed selection and auto mode.<br /><br />Cons:<br />• Pricey.<br />• The unit goes to 'sleep' in dark room, thus I run the system on manual low or medium at night to ensure the air is being filtered.<br />• Not good for older apartments or condos with leaky windows and doors.<br />• Detects and seems to eliminate kitchen / cooking smoke and odor but is less than optimal with reducing second-hand marijuana and tobacco odor (or smoke) from neighbors.  The special “Odor” filter does not contain enough activated carbon to contain these odors.<br /><br />NOTE: There is currently no air filter on the market that will “REMOVE” tobacco and weed smoke including the IQ Air Gas purifier.  The IQAir has had issues with its V-5 Cell filter emitting foul odors.",,
CR-004316,B07R81N4X9,"RabbitAir MinusA2 Ultra Quiet HEPA Air Purifier - Stylish, Efficient and Energy Star (SPA-780A, Black, Germ Defense)",5.0,Stop being sick buy this purifier!,"Seriously this thing saved my life. We have some sort of mold I'm guessing in our house that was making me physically sick for years. Had this up and within 2 weeks my symptoms were gone. It's super quiet, efficient, NO chemical smell.<br /><br />On top of this my toddler who used to get colds consistently (shes in daycare) for weeks at a time now has a cold for one day and its gone. Do yourself a favor and invest in your HEALTH.",,
CR-005199,B0C2JF5179,"HARMONY 1500 Air Purifier for Home Large Room with H13 True HEPA Air Filter, Quiet Air Cleaner for Allergens, Pets, Smoke, Removes 99.9% of Dust, Mold, Pet Dander, Odors, Pollen – HSE1500-1500 Sq Ft",2.0,A letdown for me,"[[VIDEOID:d6b43f413ab6ce2a9c83439d72a283dc]] I was excited when this arrived but the reality was a letdown. After using it for 3 hours, I started noticing issues. My unit sits on a granite kitchen counter. First, even when set to low speed my unit would slightly vibrate.  On high speed, it would vibrate enough where one corner of the unit would slowly move position on the counter.  I was worried it would eventually fall off.  So I turned the unit off to try a different position and that's when I heard the sound of something loose inside as if the fan was hitting it and throwing it around the inside of the unit.  I tried it again and the sound was there a second time. I tried it a third time and it stopped. I took the filters off and ran it again and saw the issue.  A small computer board was lodged on one of the fan blades (see the video).  I very much wanted this item but for the price I can't take a risk of getting another defective one.  What a bummer.",,
CR-006068,B09F3Z9BH6,Air Purifier Plug in for Home,3.0,Extremely bright light makes sleep difficult!,"I feel this product works fine- less stuffy nose in morning.  But the light is so very bright that it is hard to sleep! I have tried blocking it, putting it under my bed but then the whole underside of the bed glows green.  Wasn't sure if I could tape over it to block the light or if that would decrease it's effectiveness.  The light makes it difficult to sleep.",,
CR-000435,B009CAUR6G,"ENVION Therapure TPP540 Medium to Large Room Filter HEPA Air Purifier with 3 Fan Speeds, LED Display, and 24 Hour Timer, Black",1.0,This new model not so good,I have two of the older model (box) style of this product and have been very satisified with them.  I had to return this one after the second day as the fan noise was terrible after a couple hours use.  I am used to sleeping with a fan noise in the room however this one sounded more like a small airplane propeller running.  So sorry it was not better than it was.  I am now looking for the older box style model that has been working perfectly for over three years now.,,
CR-003243,B0BZPPXM8D,"Air Purifiers for Home, H13 HEPA Air Purifier for Smoke Pollen Dust Dander Hair, Portable Air Cleaner with Sleep Mode Speed Control for Bedroom Office Living Room Kitchen,GL-2103",3.0,Disappointed...,"I was very excited to use this product, and unwrapped it out of the box expecting it to be new. Then once I plugged it in, I had noticed the two odd brown wires sticking out and a scrape on the side??? I'm not sure if this was a used product since I purchased a new one. Or if this was normal?",,
CR-001949,B017199I1Y,Dia Himalayan Natural Air Purifier Salt Lamp Rock Crystal Tower 6-8inch,2.0,To hot,Not sure how safe it gets hot!!,,
CR-007517,B0C2JF5179,"HARMONY 1500 Air Purifier for Home Large Room with H13 True HEPA Air Filter, Quiet Air Cleaner for Allergens, Pets, Smoke, Removes 99.9% of Dust, Mold, Pet Dander, Odors, Pollen – HSE1500-1500 Sq Ft",3.0,"Neat, uncertain it does all it claims","I have a rather dusty home, the display on the screen indicating the cleanliness of the air seems to directly correspond with how long the device has been running more so than any sort of external stimuli it receives. In example, on turn on it will indicate 'worst quality', and gradually work its way down. If you turn it off and on immediately, it does the same thing, even if it was off for half a second. I have no doubt it works as a standard HEPA air filter, but some of the features seem like potentially just fluff that may or may not actually be legitimate.",,
CR-001726,B00X67EJI8,Enerzen by OION Technologies LB-444 Commercial HEPA Air Purifier 3500 Sq. Ft. Ozone Ionizer Cleaner Clean Air,1.0,try another brand,mine only lasted 15 months. no ozone output. cannot find parts..  try another brand. no phone number or address in owners manuel?????????? WTF.,,
CR-001394,B00L5KSV8M,Balight Hepa Air Purifier for Home Travel,4.0,Four Stars,I LIKE IT-BUT MY WIFE DOES NOT BECAUSE IT EMITS METALLIC-SMELL,,
CR-002155,B007Y9RBX4,AAP 50 Plug-In Adjustable Ionic Room Air Purifier,1.0,"Don't buy this fake/ fraud ""air system""","Not worth a 1 star, 3 weeks in the fan speed control and within a few days no more ion/ ozone in the air. Just noise!<br />What a joke and a waste of $35 and no returns after 30 days. I got hosed as did Amazon's customer.",,
CR-004161,B0C2JF5179,"HARMONY 1500 Air Purifier for Home Large Room with H13 True HEPA Air Filter, Quiet Air Cleaner for Allergens, Pets, Smoke, Removes 99.9% of Dust, Mold, Pet Dander, Odors, Pollen – HSE1500-1500 Sq Ft",5.0,It’s just what you need,I tested it one night with it on and one night with it off in my bedroom and I can tell the difference.,,
CR-007188,B071HMNTPM,Dyson Purifier Cool™ TP07 Smart Air Purifier and Fan - White/Silver,5.0,works very well a little noisy,Love the fact There are no blades for children to get hurt works very well a little noisy,,
CR-010407,B0C2JF5179,"HARMONY 1500 Air Purifier for Home Large Room with H13 True HEPA Air Filter, Quiet Air Cleaner for Allergens, Pets, Smoke, Removes 99.9% of Dust, Mold, Pet Dander, Odors, Pollen – HSE1500-1500 Sq Ft",5.0,Best air purifier,I bought this over 1 year ago. It works great . The filters are easy to change. I have several cats. I recently moved to a smaller home and had used this in the living room. I recently switched and placed. this in my bedroom . I think I like it better in the bedroom! It keeps the air clean considering that's where my cats are most of the day. I highly recommend.,,
CR-002302,B01GXFY0KQ,Green Air Encore HEPA and Odor Fighting Filter Air Purifier with IonCluster Technology 1000 sq. ft.,2.0,Regrets,The product has lost its efficiency.  It is noisy when operated at a high fan mode.  I began experiencing difficulty with resetting the change filter notice and I could not get any response or assistance from the manufacturer.  There may be better alternatives for your consideration if you are considering this price range.,,
CR-005957,B089T5PXFN,"FiGoal Portable UV Lamp with USB Charging, Air Cleaner Multifunctional ultraviolet Lamp for Car Home Bedroom Kitchen Office Mini Size for Small Area Cleaning Net Black",1.0,Good Seller.,Bad Product.,,
CR-005050,B071HMNTPM,Dyson Purifier Cool™ TP07 Smart Air Purifier and Fan - White/Silver,1.0,SAVE YOUR MONEY,This product is not even close to be worth the money.,,
CR-000390,B007Y9RBX4,AAP 50 Plug-In Adjustable Ionic Room Air Purifier,1.0,A TOTAL WASTE OF MONEY!,"I purchased a number of these units, and at first, they appeared to work just fine.  However, one began to make noise after a month of use, and progressively got worse over time.  The noise finally got so bad that I stopped using it.  After about ninety days, a second and third unit stopped working all together.  I can only conclude that these units are not really manufactured to last.",,
CR-003332,B07B8LYNCX,"Wynd Essential Smart Personal Air Purifier - App Integrated, Dual Mode Air Cleaner - Ideal For Use Against Allergies, Asthma, COPD – Ideal for Home, Desk, Car, Travel – Black Matte",4.0,"Simple to use, expensive filters","After a couple of rolls off the counter, it cracked at the seam above the buttons, but it crazy glued back together just fine.<br /><br />Nifty little fan, a little smaller than a 16 oz travel coffee mug.  I don’t have a lot of air pollution where I live, but one day the smell of curry was all over my house from dinner, and with this by my face, I couldn’t smell anything.  So that’s my totally non-scientific experience. I mostly bought it for travel, to put in hotel bathrooms that never seem to have fans.  A cottonball on top with a drop of essential oil turns it into a simple diffuser, too.  Great construction, it survived a roll off the counter with no damage, and it just feels like it’s very well-built.",,
CR-008505,B07ZPLXB54,"Molekule Air Mini - FDA-Cleared Medical Air Purifier with PECO Technology for Allergens, Pollutants, Viruses, Bacteria, and Mold, White",2.0,Mine was defective,"I ordered the mini for my bedroom.  I also have the mini plus which I love and it works great.  On my mini however, the lights on top indicating the air quality didn’t work nor did it work on the first level at all, only the 2nd thru the fifth. The little air filter light didn’t work either.  I really wanted another but I had to regretfully return this one.  I’m afraid to order a replacement at this point either.  I’d recommend going with the mini plus.",,
CR-001235,B0BBV2Z7VG,"Alen BreatheSmart Classic H13 HEPA Air Purifier, Air Purifiers For Home Large Room w/ 1100 SqFt Coverage, Medical-Grade Air Cleaner for Pet Dander & Odor, up to 12 Mos. Filter Life, Oak",4.0,Defenitely picks up a lot of hair. I have ...,Defenitely picks up a lot of hair. I have two golden retrievers and the hair around the house drives me crazy. I have to clean the filter every week or so.,,
CR-007015,B0C2JF5179,"HARMONY 1500 Air Purifier for Home Large Room with H13 True HEPA Air Filter, Quiet Air Cleaner for Allergens, Pets, Smoke, Removes 99.9% of Dust, Mold, Pet Dander, Odors, Pollen – HSE1500-1500 Sq Ft",4.0,"Great air quality, use for small areas","Top notch as far as air quality improvement,  but is really suited to bedrooms and smaller rooms.  Doesn't move the air around enough for larger rooms.",,
CR-000327,B07R81N4X9,"RabbitAir MinusA2 Ultra Quiet HEPA Air Purifier - Stylish, Efficient and Energy Star (SPA-780A, Black, Germ Defense)",2.0,"Great Customer Service, Not so Great Air Purifier","I bought the SPA-780A in Black with the Odor Remover Filter.  I received it in November 2012 and promptly put it to work.  I was looking forward to smoking a cigar inside a room in my home without the doors and windows open.  It just didn't do the trick (i.e., remove the odors). After having a friend over and leaving the unit on Turbo for 4 days, the ""next day smell of cigars"" was still present. Now I like that smell. A good hint of vanilla & coffee from a good cigar. However, my wife doesn't like it.  I called Rabbit Air and told them I would like to return the unit. They couldn't have been more pleasant.  They were said they were surprised but that it doesn't work for everyone.  They did say that some cigar bars in NYC use it with good results.  Customer service suggested I give it another shot and put the unit closer to me. Well, I did, but it wouldn't have mattered if it was in my lap. It just didn't work.  While putting together the unit I did notice the charcoal filter is very thin.  It didn't seem like there was much charcoal at all.  Now there are a bunch of other filters that go along with that so I guess that is their design.<br /><br />In the end, I bought a set of new filters for my 10 year old Sharp Plasma Cluster.  That unit comes with a thick charcoal bag type filter.  It cleaned the room up in about 8 hours.<br /><br />I will say that the Rabbit Air is a really good looking unit. There was no problem with them taking the unit back and refunding my credit card. I did have to pay $35 to send the unit back.  I gave it 2 stars because the unit was really just 1 star but they had 5 star customer service.  In the end though, I am buying the unit not their customer service.  I am very happy with my old Sharp Plasma Cluster and will buy another Sharp when this eventually dies.",,
CR-002177,B00Y2MLY34,Yescom New Living 6-Stage Air Purifier Cleaner Hepa Ionic Ozone UV Generator Air Filter,4.0,like during/after a thunderstorm,"Have a question.  Is it safe to run the OZONE on the lowest seting 24 hours a day?  I know NO claims can be said of OZONE in a positive way, but I have read that breathing it in low amounts is of huge benefit to the body?  What is the output when running the ozone on LOWEST setting.  I can smell it, and it is a very pleasant smell, like during/after a thunderstorm.",,
CR-003165,B0C2JF5179,"HARMONY 1500 Air Purifier for Home Large Room with H13 True HEPA Air Filter, Quiet Air Cleaner for Allergens, Pets, Smoke, Removes 99.9% of Dust, Mold, Pet Dander, Odors, Pollen – HSE1500-1500 Sq Ft",1.0,Not worth it!,"Have had for a week. Used for smoker. The first couple of days, thought it was a good product. After those days, the room smells of smoke, found out why, the machine is spreading oder from filters and blow smell into room. Filters replacement are expensive, but having to change once a week.... I don't think so. Don't waste your money.",,
CR-006697,B09F3Z9BH6,Air Purifier Plug in for Home,2.0,Good as a night light.,I have had it plugged in for a few days now and i haven't noticed any difference really.,,
CR-009686,B09K7CD8XS,"Mila Air Purifier with Home Wrecker Filter (H12 HEPA + 1.96 lb Carbon), Filters VOCs, Formaldehyde, Odors, Dust, Pollution & Pet Dander, 300 CADR,  665 ft2 Coverage, 12”x12”x15”, White",1.0,Do not buy - does not connect,I bought 2 and 1 has not connected to the app in over a year.  Now I can not get into the app.  Contacted support many times and no help.,,
CR-004936,B07R81N4X9,"RabbitAir MinusA2 Ultra Quiet HEPA Air Purifier - Stylish, Efficient and Energy Star (SPA-780A, Black, Germ Defense)",4.0,Cleaned the air in the room,"Not sure it is the effect of the machine, the pollen allergy was kind of relieved. Reviewed after 1 day of usage. April 27, 2020",,
CR-004560,B07KXBX32V,"Dyson Pure Hot+Cool™ HP01 Air Purifier, Heater & Fan - White/Silver",3.0,Heat,The heat is not to strong for the square feet listed in the instructions.,,
